{
    "eos3b5e": {
        "progress": {
            "step0_seconds": 1649500613.393427,
            "step1_seconds": 8.170676946640015,
            "step2_seconds": 7.922145128250122,
            "step3_seconds": 51.50027012825012,
            "step4_seconds": 0.0012137889862060547,
            "step5_seconds": 1.3672451972961426,
            "step6_seconds": 4.1088807582855225,
            "step7_seconds": 10.997087001800537
        }
    }
}