key,input,NF54_IC50_72h_1uM,NF54_50PercInh_LDH,NF54_50PercInh_LUM
ZFQMTVNLDNXRNQ-UHFFFAOYSA-O,CC[N+](CC)(CC(=O)Nc1c(C)cccc1C)Cc1ccccc1,0.19975493058766097,0.018857315524096648,0.07224876
ATOTUUBRFJHZQG-UHFFFAOYSA-N,CC(C)(N)CO.Cn1c2nc(Br)[nH]c2c(=O)n(C)c1=O,0.1279527979570208,0.06725235495429753,0.013139566
HSHNITRMYYLLCV-UHFFFAOYSA-N,Cc1cc(=O)oc2cc(O)ccc12,0.2103068407339473,0.0682240751528073,0.024993105
BDABGOLMYNHHTR-UHFFFAOYSA-N,OP(O)(=O)CCN1CCCNc2c1c(=O)c2=O,0.14516151134959646,0.03525075924673843,0.010016828
MDMJLMDBRQXOOI-UHFFFAOYSA-N,CN1CCC(CC1)c1c[nH]c2ccc(NC(=O)c3ccc(F)cc3)cc12,0.1579158595442175,0.08628089303446784,0.074107744
